ID,Nome,Classe,SubClasse,Geração,Lendário?,Ataque,Defesa,Velocidade,AtaqueEspecial,DefesaEspecial,Altura(m),Peso(Kg)
1,Bulbasaur,Grama,Veneno,1,0,49,49,45,65,65,0.7,6.9
2,Ivysaur,Grama,Veneno,1,0,62,63,60,80,80,1,13
3,Venusaur,Grama,Veneno,1,0,100,123,80,122,120,2,100
4,Charmander,Fogo,,1,0,52,43,65,60,50,0.6,8.5
5,Charmeleon,Fogo,,1,0,64,58,80,80,65,1.1,19
6,Charizard,Fogo,Voador,1,0,104,78,100,159,115,1.7,90.5
7,Squirtle,Água,,1,0,48,65,43,50,64,0.5,9
8,Wartortle,Água,,1,0,63,80,58,65,80,1,22.5
9,Blastoise,Água,,1,0,103,120,78,135,115,1.6,85.5
10,Caterpie,Inseto,,1,0,30,35,45,20,20,0.3,2.9
11,Metapod,Inseto,,1,0,20,55,30,25,25,0.7,9.9
12,Butterfree,Inseto,Voador,1,0,45,50,70,90,80,1.1,32
13,Weedle,Inseto,Veneno,1,0,35,30,50,20,20,0.3,3.2
14,Kakuna,Inseto,Veneno,1,0,25,50,35,25,25,0.6,10
15,Beedrill,Inseto,Veneno,1,0,150,40,145,15,80,1,29.5
16,Pidgey,Normal,Voador,1,0,45,40,56,35,35,0.3,1.8
17,Pidgeotto,Normal,Voador,1,0,60,55,71,50,50,1.1,30
18,Pidgeot,Normal,Voador,1,0,80,80,121,135,80,1.5,39.5
19,Rattata,Normal,Sombrio,1,0,56,35,72,25,35,0,0
20,Raticate,Normal,Sombrio,1,0,71,70,77,40,80,0,0
21,Spearow,Normal,Voador,1,0,60,30,70,31,31,0.3,2
22,Fearow,Normal,Voador,1,0,90,65,100,61,61,1.2,38
23,Ekans,Veneno,,1,0,60,44,55,40,54,2,6.9
24,Arbok,Veneno,,1,0,95,69,80,65,79,3.5,65
25,Pikachu,Elétrico,,1,0,55,40,90,50,50,0.4,6
26,Raichu,Elétrico,Elétrico,1,0,85,50,110,95,85,0,0
27,Sandshrew,Terra,Gelo,1,0,75,90,40,10,35,0,0
28,Sandslash,Terra,Gelo,1,0,100,120,65,25,65,0,0
29,Nidoran-F,Veneno,,1,0,47,52,41,40,40,0.4,7
30,Nidorina,Veneno,,1,0,62,67,56,55,55,0.8,20
31,Nidoqueen,Veneno,Terra,1,0,92,87,76,75,85,1.3,60
32,Nidoran-M,Veneno,,1,0,57,40,50,40,40,0.5,9
33,Nidorino,Veneno,,1,0,72,57,65,55,55,0.9,19.5
34,Nidoking,Veneno,Terra,1,0,102,77,85,85,75,1.4,62
35,Clefairy,Fada,,1,0,45,48,35,60,65,0.6,7.5
36,Clefable,Fada,,1,0,70,73,60,95,90,1.3,40
37,Vulpix,Fogo,Gelo,1,0,41,40,65,50,65,0,0
38,Ninetales,Fogo,Gelo,1,0,67,75,109,81,100,0,0
39,Jigglypuff,Normal,Fada,1,0,45,20,20,45,25,0.5,5.5
40,Wigglytuff,Normal,Fada,1,0,70,45,45,85,50,1,12
41,Zubat,Veneno,Voador,1,0,45,35,55,30,40,0.8,7.5
42,Golbat,Veneno,Voador,1,0,80,70,90,65,75,1.6,55
43,Oddish,Grama,Veneno,1,0,50,55,30,75,65,0.5,5.4
44,Gloom,Grama,Veneno,1,0,65,70,40,85,75,0.8,8.6
45,Vileplume,Grama,Veneno,1,0,80,85,50,110,90,1.2,18.6
46,Paras,Inseto,Grama,1,0,70,55,25,45,55,0.3,5.4
47,Parasect,Inseto,Grama,1,0,95,80,30,60,80,1,29.5
48,Venonat,Inseto,Veneno,1,0,55,50,45,40,55,1,30
49,Venomoth,Inseto,Veneno,1,0,65,60,90,90,75,1.5,12.5
50,Diglett,Terra,Terra,1,0,55,30,90,35,45,0,0
51,Dugtrio,Terra,Terra,1,0,100,60,110,50,70,0,0
52,Meowth,Normal,Sombrio,1,0,35,35,90,50,40,0,0
53,Persian,Normal,Sombrio,1,0,60,60,115,75,65,0,0
54,Psyduck,Água,,1,0,52,48,55,65,50,0.8,19.6
55,Golduck,Água,,1,0,82,78,85,95,80,1.7,76.6
56,Mankey,Lutador,,1,0,80,35,70,35,45,0.5,28
57,Primeape,Lutador,,1,0,105,60,95,60,70,1,32
58,Growlithe,Fogo,,1,0,70,45,60,70,50,0.7,19
59,Arcanine,Fogo,,1,0,110,80,95,100,80,1.9,155
60,Poliwag,Água,,1,0,50,40,90,40,40,0.6,12.4
61,Poliwhirl,Água,,1,0,65,65,90,50,50,1,20
62,Poliwrath,Água,Lutador,1,0,95,95,70,70,90,1.3,54
63,Abra,Psíquico,,1,0,20,15,90,105,55,0.9,19.5
64,Kadabra,Psíquico,,1,0,35,30,105,120,70,1.3,56.5
65,Alakazam,Psíquico,,1,0,50,65,150,175,105,1.5,48
66,Machop,Lutador,,1,0,80,50,35,35,35,0.8,19.5
67,Machoke,Lutador,,1,0,100,70,45,50,60,1.5,70.5
68,Machamp,Lutador,,1,0,130,80,55,65,85,1.6,130
69,Bellsprout,Grama,Veneno,1,0,75,35,40,70,30,0.7,4
70,Weepinbell,Grama,Veneno,1,0,90,50,55,85,45,1,6.4
71,Victreebel,Grama,Veneno,1,0,105,65,70,100,70,1.7,15.5
72,Tentacool,Água,Veneno,1,0,40,35,70,50,100,0.9,45.5
73,Tentacruel,Água,Veneno,1,0,70,65,100,80,120,1.6,55
74,Geodude,Pedra,Terra,1,0,80,100,20,30,30,0,0
75,Graveler,Pedra,Terra,1,0,95,115,35,45,45,0,0
76,Golem,Pedra,Terra,1,0,120,130,45,55,65,0,0
77,Ponyta,Fogo,,1,0,85,55,90,65,65,1,30
78,Rapidash,Fogo,,1,0,100,70,105,80,80,1.7,95
79,Slowpoke,Água,Psíquico,1,0,65,65,15,40,40,1.2,36
80,Slowbro,Água,Psíquico,1,0,75,180,30,130,80,1.6,78.5
81,Magnemite,Elétrico,Aço,1,0,35,70,45,95,55,0.3,6
82,Magneton,Elétrico,Aço,1,0,60,95,70,120,70,1,60
83,Farfetch'd,Normal,Voador,1,0,90,55,60,58,62,0.8,15
84,Doduo,Normal,Voador,1,0,85,45,75,35,35,1.4,39.2
85,Dodrio,Normal,Voador,1,0,110,70,110,60,60,1.8,85.2
86,Seel,Água,,1,0,45,55,45,45,70,1.1,90
87,Dewgong,Água,Gelo,1,0,70,80,70,70,95,1.7,120
88,Grimer,Veneno,Veneno,1,0,80,50,25,40,50,0,0
89,Muk,Veneno,Veneno,1,0,105,75,50,65,100,0,0
90,Shellder,Água,,1,0,65,100,40,45,25,0.3,4
91,Cloyster,Água,Gelo,1,0,95,180,70,85,45,1.5,132.5
92,Gastly,Fantasma,Veneno,1,0,35,30,80,100,35,1.3,0.1
93,Haunter,Fantasma,Veneno,1,0,50,45,95,115,55,1.6,0.1
94,Gengar,Fantasma,Veneno,1,0,65,80,130,170,95,1.5,40.5
95,Onix,Pedra,Terra,1,0,45,160,70,30,45,8.8,210
96,Drowzee,Psíquico,,1,0,48,45,42,43,90,1,32.4
97,Hypno,Psíquico,,1,0,73,70,67,73,115,1.6,75.6
98,Krabby,Água,,1,0,105,90,50,25,25,0.4,6.5
99,Kingler,Água,,1,0,130,115,75,50,50,1.3,60
100,Voltorb,Elétrico,,1,0,30,50,100,55,55,0.5,10.4
101,Electrode,Elétrico,,1,0,50,70,150,80,80,1.2,66.6
102,Exeggcute,Grama,Psíquico,1,0,40,80,40,60,45,0.4,2.5
103,Exeggutor,Grama,Psíquico,1,0,105,85,45,125,75,0,0
104,Cubone,Terra,,1,0,50,95,35,40,50,0.4,6.5
105,Marowak,Terra,Fogo,1,0,80,110,45,50,80,0,0
106,Hitmonlee,Lutador,,1,0,120,53,87,35,110,1.5,49.8
107,Hitmonchan,Lutador,,1,0,105,79,76,35,110,1.4,50.2
108,Lickitung,Normal,,1,0,55,75,30,60,75,1.2,65.5
109,Koffing,Veneno,,1,0,65,95,35,60,45,0.6,1
110,Weezing,Veneno,,1,0,90,120,60,85,70,1.2,9.5
111,Rhyhorn,Terra,Pedra,1,0,85,95,25,30,30,1,115
112,Rhydon,Terra,Pedra,1,0,130,120,40,45,45,1.9,120
113,Chansey,Normal,,1,0,5,5,50,35,105,1.1,34.6
114,Tangela,Grama,,1,0,55,115,60,100,40,1,35
115,Kangaskhan,Normal,,1,0,125,100,100,60,100,2.2,80
116,Horsea,Água,,1,0,40,70,60,70,25,0.4,8
117,Seadra,Água,,1,0,65,95,85,95,45,1.2,25
118,Goldeen,Água,,1,0,67,60,63,35,50,0.6,15
119,Seaking,Água,,1,0,92,65,68,65,80,1.3,39
120,Staryu,Água,,1,0,45,55,85,70,55,0.8,34.5
121,Starmie,Água,Psíquico,1,0,75,85,115,100,85,1.1,80
122,Mr. Mime,Psíquico,Fada,1,0,45,65,90,100,120,1.3,54.5
123,Scyther,Inseto,Voador,1,0,110,80,105,55,80,1.5,56
124,Jynx,Gelo,Psíquico,1,0,50,35,95,115,95,1.4,40.6
125,Electabuzz,Elétrico,,1,0,83,57,105,95,85,1.1,30
126,Magmar,Fogo,,1,0,95,57,93,100,85,1.3,44.5
127,Pinsir,Inseto,,1,0,155,120,105,65,90,1.5,55
128,Tauros,Normal,,1,0,100,95,110,40,70,1.4,88.4
129,Magikarp,Água,,1,0,10,55,80,15,20,0.9,10
130,Gyarados,Água,Voador,1,0,155,109,81,70,130,6.5,235
131,Lapras,Água,Gelo,1,0,85,80,60,85,95,2.5,220
132,Ditto,Normal,,1,0,48,48,48,48,48,0.3,4
133,Eevee,Normal,,1,0,55,50,55,45,65,0.3,6.5
134,Vaporeon,Água,,1,0,65,60,65,110,95,1,29
135,Jolteon,Elétrico,,1,0,65,60,130,110,95,0.8,24.5
136,Flareon,Fogo,,1,0,130,60,65,95,110,0.9,25
137,Porygon,Normal,,1,0,60,70,40,85,75,0.8,36.5
138,Omanyte,Pedra,Água,1,0,40,100,35,90,55,0.4,7.5
139,Omastar,Pedra,Água,1,0,60,125,55,115,70,1,35
140,Kabuto,Pedra,Água,1,0,80,90,55,55,45,0.5,11.5
141,Kabutops,Pedra,Água,1,0,115,105,80,65,70,1.3,40.5
142,Aerodactyl,Pedra,Voador,1,0,135,85,150,70,95,1.8,59
143,Snorlax,Normal,,1,0,110,65,30,65,110,2.1,460
144,Articuno,Gelo,Voador,1,1,85,100,85,95,125,1.7,55.4
145,Zapdos,Elétrico,Voador,1,1,90,85,100,125,90,1.6,52.6
146,Moltres,Fogo,Voador,1,1,100,90,90,125,85,2,60
147,Dratini,Dragão,,1,0,64,45,50,50,50,1.8,3.3
148,Dragonair,Dragão,,1,0,84,65,70,70,70,4,16.5
149,Dragonite,Dragão,Voador,1,0,134,95,80,100,100,2.2,210
150,Mewtwo,Psíquico,,1,1,150,70,140,194,120,2,122
151,Mew,Psíquico,,1,1,100,100,100,100,100,0.4,4
152,Chikorita,Grama,,2,0,49,65,45,49,65,0.9,6.4
153,Bayleef,Grama,,2,0,62,80,60,63,80,1.2,15.8
154,Meganium,Grama,,2,0,82,100,80,83,100,1.8,100.5
155,Cyndaquil,Fogo,,2,0,52,43,65,60,50,0.5,7.9
156,Quilava,Fogo,,2,0,64,58,80,80,65,0.9,19
157,Typhlosion,Fogo,,2,0,84,78,100,109,85,1.7,79.5
158,Totodile,Água,,2,0,65,64,43,44,48,0.6,9.5
159,Croconaw,Água,,2,0,80,80,58,59,63,1.1,25
160,Feraligatr,Água,,2,0,105,100,78,79,83,2.3,88.8
161,Sentret,Normal,,2,0,46,34,20,35,45,0.8,6
162,Furret,Normal,,2,0,76,64,90,45,55,1.8,32.5
163,Hoothoot,Normal,Voador,2,0,30,30,50,36,56,0.7,21.2
164,Noctowl,Normal,Voador,2,0,50,50,70,86,96,1.6,40.8
165,Ledyba,Inseto,Voador,2,0,20,30,55,40,80,1,10.8
166,Ledian,Inseto,Voador,2,0,35,50,85,55,110,1.4,35.6
167,Spinarak,Inseto,Veneno,2,0,60,40,30,40,40,0.5,8.5
168,Ariados,Inseto,Veneno,2,0,90,70,40,60,70,1.1,33.5
169,Crobat,Veneno,Voador,2,0,90,80,130,70,80,1.8,75
170,Chinchou,Água,Elétrico,2,0,38,38,67,56,56,0.5,12
171,Lanturn,Água,Elétrico,2,0,58,58,67,76,76,1.2,22.5
172,Pichu,Elétrico,,2,0,40,15,60,35,35,0.3,2
173,Cleffa,Fada,,2,0,25,28,15,45,55,0.3,3
174,Igglybuff,Normal,Fada,2,0,30,15,15,40,20,0.3,1
175,Togepi,Fada,,2,0,20,65,20,40,65,0.3,1.5
176,Togetic,Fada,Voador,2,0,40,85,40,80,105,0.6,3.2
177,Natu,Psíquico,Voador,2,0,50,45,70,70,45,0.2,2
178,Xatu,Psíquico,Voador,2,0,75,70,95,95,70,1.5,15
179,Mareep,Elétrico,,2,0,40,40,35,65,45,0.6,7.8
180,Flaaffy,Elétrico,,2,0,55,55,45,80,60,0.8,13.3
181,Ampharos,Elétrico,,2,0,95,105,45,165,110,1.4,61.5
182,Bellossom,Grama,,2,0,80,95,50,90,100,0.4,5.8
183,Marill,Água,Fada,2,0,20,50,40,20,50,0.4,8.5
184,Azumarill,Água,Fada,2,0,50,80,50,60,80,0.8,28.5
185,Sudowoodo,Pedra,,2,0,100,115,30,30,65,1.2,38
186,Politoed,Água,,2,0,75,75,70,90,100,1.1,33.9
187,Hoppip,Grama,Voador,2,0,35,40,50,35,55,0.4,0.5
188,Skiploom,Grama,Voador,2,0,45,50,80,45,65,0.6,1
189,Jumpluff,Grama,Voador,2,0,55,70,110,55,95,0.8,3
190,Aipom,Normal,,2,0,70,55,85,40,55,0.8,11.5
191,Sunkern,Grama,,2,0,30,30,30,30,30,0.3,1.8
192,Sunflora,Grama,,2,0,75,55,30,105,85,0.8,8.5
193,Yanma,Inseto,Voador,2,0,65,45,95,75,45,1.2,38
194,Wooper,Água,Terra,2,0,45,45,15,25,25,0.4,8.5
195,Quagsire,Água,Terra,2,0,85,85,35,65,65,1.4,75
196,Espeon,Psíquico,,2,0,65,60,110,130,95,0.9,26.5
197,Umbreon,Sombrio,,2,0,65,110,65,60,130,1,27
198,Murkrow,Sombrio,Voador,2,0,85,42,91,85,42,0.5,2.1
199,Slowking,Água,Psíquico,2,0,75,80,30,100,110,2,79.5
200,Misdreavus,Fantasma,,2,0,60,60,85,85,85,0.7,1
201,Unown,Psíquico,,2,0,72,48,48,72,48,0.5,5
202,Wobbuffet,Psíquico,,2,0,33,58,33,33,58,1.3,28.5
203,Girafarig,Normal,Psíquico,2,0,80,65,85,90,65,1.5,41.5
204,Pineco,Inseto,,2,0,65,90,15,35,35,0.6,7.2
205,Forretress,Inseto,Aço,2,0,90,140,40,60,60,1.2,125.8
206,Dunsparce,Normal,,2,0,70,70,45,65,65,1.5,14
207,Gligar,Terra,Voador,2,0,75,105,85,35,65,1.1,64.8
208,Steelix,Aço,Terra,2,0,125,230,30,55,95,9.2,400
209,Snubbull,Fada,,2,0,80,50,30,40,40,0.6,7.8
210,Granbull,Fada,,2,0,120,75,45,60,60,1.4,48.7
211,Qwilfish,Água,Veneno,2,0,95,85,85,55,55,0.5,3.9
212,Scizor,Inseto,Aço,2,0,150,140,75,65,100,1.8,118
213,Shuckle,Inseto,Pedra,2,0,10,230,5,10,230,0.6,20.5
214,Heracross,Inseto,Lutador,2,0,185,115,75,40,105,1.5,54
215,Sneasel,Sombrio,Gelo,2,0,95,55,115,35,75,0.9,28
216,Teddiursa,Normal,,2,0,80,50,40,50,50,0.6,8.8
217,Ursaring,Normal,,2,0,130,75,55,75,75,1.8,125.8
218,Slugma,Fogo,,2,0,40,40,20,70,40,0.7,35
219,Magcargo,Fogo,Pedra,2,0,50,120,30,90,80,0.8,55
220,Swinub,Gelo,Terra,2,0,50,40,50,30,30,0.4,6.5
221,Piloswine,Gelo,Terra,2,0,100,80,50,60,60,1.1,55.8
222,Corsola,Água,Pedra,2,0,55,95,35,65,95,0.6,5
223,Remoraid,Água,,2,0,65,35,65,65,35,0.6,12
224,Octillery,Água,,2,0,105,75,45,105,75,0.9,28.5
225,Delibird,Gelo,Voador,2,0,55,45,75,65,45,0.9,16
226,Mantine,Água,Voador,2,0,40,70,70,80,140,2.1,220
227,Skarmory,Aço,Voador,2,0,80,140,70,40,70,1.7,50.5
228,Houndour,Sombrio,Fogo,2,0,60,30,65,80,50,0.6,10.8
229,Houndoom,Sombrio,Fogo,2,0,90,90,115,140,90,1.4,35
230,Kingdra,Água,Dragão,2,0,95,95,85,95,95,1.8,152
231,Phanpy,Terra,,2,0,60,60,40,40,40,0.5,33.5
232,Donphan,Terra,,2,0,120,120,50,60,60,1.1,120
233,Porygon2,Normal,,2,0,80,90,60,105,95,0.6,32.5
234,Stantler,Normal,,2,0,95,62,85,85,65,1.4,71.2
235,Smeargle,Normal,,2,0,20,35,75,20,45,1.2,58
236,Tyrogue,Lutador,,2,0,35,35,35,35,35,0.7,21
237,Hitmontop,Lutador,,2,0,95,95,70,35,110,1.4,48
238,Smoochum,Gelo,Psíquico,2,0,30,15,65,85,65,0.4,6
239,Elekid,Elétrico,,2,0,63,37,95,65,55,0.6,23.5
240,Magby,Fogo,,2,0,75,37,83,70,55,0.7,21.4
241,Miltank,Normal,,2,0,80,105,100,40,70,1.2,75.5
242,Blissey,Normal,,2,0,10,10,55,75,135,1.5,46.8
243,Raikou,Elétrico,,2,1,85,75,115,115,100,1.9,178
244,Entei,Fogo,,2,1,115,85,100,90,75,2.1,198
245,Suicune,Água,,2,1,75,115,85,90,115,2,187
246,Larvitar,Pedra,Terra,2,0,64,50,41,45,50,0.6,72
247,Pupitar,Pedra,Terra,2,0,84,70,51,65,70,1.2,152
248,Tyranitar,Pedra,Sombrio,2,0,164,150,71,95,120,2,202
249,Lugia,Psíquico,Voador,2,1,90,130,110,90,154,5.2,216
250,Ho-Oh,Fogo,Voador,2,1,130,90,90,110,154,3.8,199
251,Celebi,Psíquico,Grama,2,1,100,100,100,100,100,0.6,5
252,Treecko,Grama,,3,0,45,35,70,65,55,0.5,5
253,Grovyle,Grama,,3,0,65,45,95,85,65,0.9,21.6
254,Sceptile,Grama,,3,0,110,75,145,145,85,1.7,52.2
255,Torchic,Fogo,,3,0,60,40,45,70,50,0.4,2.5
256,Combusken,Fogo,Lutador,3,0,85,60,55,85,60,0.9,19.5
257,Blaziken,Fogo,Lutador,3,0,160,80,100,130,80,1.9,52
258,Mudkip,Água,,3,0,70,50,40,50,50,0.4,7.6
259,Marshtomp,Água,Terra,3,0,85,70,50,60,70,0.7,28
260,Swampert,Água,Terra,3,0,150,110,70,95,110,1.5,81.9
261,Poochyena,Sombrio,,3,0,55,35,35,30,30,0.5,13.6
262,Mightyena,Sombrio,,3,0,90,70,70,60,60,1,37
263,Zigzagoon,Normal,,3,0,30,41,60,30,41,0.4,17.5
264,Linoone,Normal,,3,0,70,61,100,50,61,0.5,32.5
265,Wurmple,Inseto,,3,0,45,35,20,20,30,0.3,3.6
266,Silcoon,Inseto,,3,0,35,55,15,25,25,0.6,10
267,Beautifly,Inseto,Voador,3,0,70,50,65,100,50,1,28.4
268,Cascoon,Inseto,,3,0,35,55,15,25,25,0.7,11.5
269,Dustox,Inseto,Veneno,3,0,50,70,65,50,90,1.2,31.6
270,Lotad,Água,Grama,3,0,30,30,30,40,50,0.5,2.6
271,Lombre,Água,Grama,3,0,50,50,50,60,70,1.2,32.5
272,Ludicolo,Água,Grama,3,0,70,70,70,90,100,1.5,55
273,Seedot,Grama,,3,0,40,50,30,30,30,0.5,4
274,Nuzleaf,Grama,Sombrio,3,0,70,40,60,60,40,1,28
275,Shiftry,Grama,Sombrio,3,0,100,60,80,90,60,1.3,59.6
276,Taillow,Normal,Voador,3,0,55,30,85,30,30,0.3,2.3
277,Swellow,Normal,Voador,3,0,85,60,125,75,50,0.7,19.8
278,Wingull,Água,Voador,3,0,30,30,85,55,30,0.6,9.5
279,Pelipper,Água,Voador,3,0,50,100,65,95,70,1.2,28
280,Ralts,Psíquico,Fada,3,0,25,25,40,45,35,0.4,6.6
281,Kirlia,Psíquico,Fada,3,0,35,35,50,65,55,0.8,20.2
282,Gardevoir,Psíquico,Fada,3,0,85,65,100,165,135,1.6,48.4
283,Surskit,Inseto,Água,3,0,30,32,65,50,52,0.5,1.7
284,Masquerain,Inseto,Voador,3,0,60,62,80,100,82,0.8,3.6
285,Shroomish,Grama,,3,0,40,60,35,40,60,0.4,4.5
286,Breloom,Grama,Lutador,3,0,130,80,70,60,60,1.2,39.2
287,Slakoth,Normal,,3,0,60,60,30,35,35,0.8,24
288,Vigoroth,Normal,,3,0,80,80,90,55,55,1.4,46.5
289,Slaking,Normal,,3,0,160,100,100,95,65,2,130.5
290,Nincada,Inseto,Terra,3,0,45,90,40,30,30,0.5,5.5
291,Ninjask,Inseto,Voador,3,0,90,45,160,50,50,0.8,12
292,Shedinja,Inseto,Fantasma,3,0,90,45,40,30,30,0.8,1.2
293,Whismur,Normal,,3,0,51,23,28,51,23,0.6,16.3
294,Loudred,Normal,,3,0,71,43,48,71,43,1,40.5
295,Exploud,Normal,,3,0,91,63,68,91,73,1.5,84
296,Makuhita,Lutador,,3,0,60,30,25,20,30,1,86.4
297,Hariyama,Lutador,,3,0,120,60,50,40,60,2.3,253.8
298,Azurill,Normal,Fada,3,0,20,40,20,20,40,0.2,2
299,Nosepass,Pedra,,3,0,45,135,30,45,90,1,97
300,Skitty,Normal,,3,0,45,45,50,35,35,0.6,11
301,Delcatty,Normal,,3,0,65,65,90,55,55,1.1,32.6
302,Sableye,Sombrio,Fantasma,3,0,85,125,20,85,115,0.5,11
303,Mawile,Aço,Fada,3,0,105,125,50,55,95,0.6,11.5
304,Aron,Aço,Pedra,3,0,70,100,30,40,40,0.4,60
305,Lairon,Aço,Pedra,3,0,90,140,40,50,50,0.9,120
306,Aggron,Aço,Pedra,3,0,140,230,50,60,80,2.1,360
307,Meditite,Lutador,Psíquico,3,0,40,55,60,40,55,0.6,11.2
308,Medicham,Lutador,Psíquico,3,0,100,85,100,80,85,1.3,31.5
309,Electrike,Elétrico,,3,0,45,40,65,65,40,0.6,15.2
310,Manectric,Elétrico,,3,0,75,80,135,135,80,1.5,40.2
311,Plusle,Elétrico,,3,0,50,40,95,85,75,0.4,4.2
312,Minun,Elétrico,,3,0,40,50,95,75,85,0.4,4.2
313,Volbeat,Inseto,,3,0,73,75,85,47,85,0.7,17.7
314,Illumise,Inseto,,3,0,47,75,85,73,85,0.6,17.7
315,Roselia,Grama,Veneno,3,0,60,45,65,100,80,0.3,2
316,Gulpin,Veneno,,3,0,43,53,40,43,53,0.4,10.3
317,Swalot,Veneno,,3,0,73,83,55,73,83,1.7,80
318,Carvanha,Água,Sombrio,3,0,90,20,65,65,20,0.8,20.8
319,Sharpedo,Água,Sombrio,3,0,140,70,105,110,65,1.8,88.8
320,Wailmer,Água,,3,0,70,35,60,70,35,2,130
321,Wailord,Água,,3,0,90,45,60,90,45,14.5,398
322,Numel,Fogo,Terra,3,0,60,40,35,65,45,0.7,24
323,Camerupt,Fogo,Terra,3,0,120,100,20,145,105,1.9,220
324,Torkoal,Fogo,,3,0,85,140,20,85,70,0.5,80.4
325,Spoink,Psíquico,,3,0,25,35,60,70,80,0.7,30.6
326,Grumpig,Psíquico,,3,0,45,65,80,90,110,0.9,71.5
327,Spinda,Normal,,3,0,60,60,60,60,60,1.1,5
328,Trapinch,Terra,,3,0,100,45,10,45,45,0.7,15
329,Vibrava,Terra,Dragão,3,0,70,50,70,50,50,1.1,15.3
330,Flygon,Terra,Dragão,3,0,100,80,100,80,80,2,82
331,Cacnea,Grama,,3,0,85,40,35,85,40,0.4,51.3
332,Cacturne,Grama,Sombrio,3,0,115,60,55,115,60,1.3,77.4
333,Swablu,Normal,Voador,3,0,40,60,50,40,75,0.4,1.2
334,Altaria,Dragão,Voador,3,0,110,110,80,110,105,1.1,20.6
335,Zangoose,Normal,,3,0,115,60,90,60,60,1.3,40.3
336,Seviper,Veneno,,3,0,100,60,65,100,60,2.7,52.5
337,Lunatone,Pedra,Psíquico,3,0,55,65,70,95,85,1,168
338,Solrock,Pedra,Psíquico,3,0,95,85,70,55,65,1.2,154
339,Barboach,Água,Terra,3,0,48,43,60,46,41,0.4,1.9
340,Whiscash,Água,Terra,3,0,78,73,60,76,71,0.9,23.6
341,Corphish,Água,,3,0,80,65,35,50,35,0.6,11.5
342,Crawdaunt,Água,Sombrio,3,0,120,85,55,90,55,1.1,32.8
343,Baltoy,Terra,Psíquico,3,0,40,55,55,40,70,0.5,21.5
344,Claydol,Terra,Psíquico,3,0,70,105,75,70,120,1.5,108
345,Lileep,Pedra,Grama,3,0,41,77,23,61,87,1,23.8
346,Cradily,Pedra,Grama,3,0,81,97,43,81,107,1.5,60.4
347,Anorith,Pedra,Inseto,3,0,95,50,75,40,50,0.7,12.5
348,Armaldo,Pedra,Inseto,3,0,125,100,45,70,80,1.5,68.2
349,Feebas,Água,,3,0,15,20,80,10,55,0.6,7.4
350,Milotic,Água,,3,0,60,79,81,100,125,6.2,162
351,Castform,Normal,,3,0,70,70,70,70,70,0.3,0.8
352,Kecleon,Normal,,3,0,90,70,40,60,120,1,22
353,Shuppet,Fantasma,,3,0,75,35,45,63,33,0.6,2.3
354,Banette,Fantasma,,3,0,165,75,75,93,83,1.1,12.5
355,Duskull,Fantasma,,3,0,40,90,25,30,90,0.8,15
356,Dusclops,Fantasma,,3,0,70,130,25,60,130,1.6,30.6
357,Tropius,Grama,Voador,3,0,68,83,51,72,87,2,100
358,Chimecho,Psíquico,,3,0,50,80,65,95,90,0.6,1
359,Absol,Sombrio,,3,0,150,60,115,115,60,1.2,47
360,Wynaut,Psíquico,,3,0,23,48,23,23,48,0.6,14
361,Snorunt,Gelo,,3,0,50,50,50,50,50,0.7,16.8
362,Glalie,Gelo,,3,0,120,80,100,120,80,1.5,256.5
363,Spheal,Gelo,Água,3,0,40,50,25,55,50,0.8,39.5
364,Sealeo,Gelo,Água,3,0,60,70,45,75,70,1.1,87.6
365,Walrein,Gelo,Água,3,0,80,90,65,95,90,1.4,150.6
366,Clamperl,Água,,3,0,64,85,32,74,55,0.4,52.5
367,Huntail,Água,,3,0,104,105,52,94,75,1.7,27
368,Gorebyss,Água,,3,0,84,105,52,114,75,1.8,22.6
369,Relicanth,Água,Pedra,3,0,90,130,55,45,65,1,23.4
370,Luvdisc,Água,,3,0,30,55,97,40,65,0.6,8.7
371,Bagon,Dragão,,3,0,75,60,50,40,30,0.6,42.1
372,Shelgon,Dragão,,3,0,95,100,50,60,50,1.1,110.5
373,Salamence,Dragão,Voador,3,0,145,130,120,120,90,1.5,102.6
374,Beldum,Aço,Psíquico,3,0,55,80,30,35,60,0.6,95.2
375,Metang,Aço,Psíquico,3,0,75,100,50,55,80,1.2,202.5
376,Metagross,Aço,Psíquico,3,0,145,150,110,105,110,1.6,550
377,Regirock,Pedra,,3,1,100,200,50,50,100,1.7,230
378,Regice,Gelo,,3,1,50,100,50,100,200,1.8,175
379,Registeel,Aço,,3,1,75,150,50,75,150,1.9,205
380,Latias,Dragão,Psíquico,3,1,100,120,110,140,150,1.4,40
381,Latios,Dragão,Psíquico,3,1,130,100,110,160,120,2,60
382,Kyogre,Água,,3,1,150,90,90,180,160,4.5,352
383,Groudon,Terra,,3,1,180,160,90,150,90,3.5,950
384,Rayquaza,Dragão,Voador,3,1,180,100,115,180,100,7,206.5
385,Jirachi,Aço,Psíquico,3,1,100,100,100,100,100,0.3,1.1
386,Deoxys,Psíquico,,3,1,95,90,180,95,90,1.7,60.8
387,Turtwig,Grama,,4,0,68,64,31,45,55,0.4,10.2
388,Grotle,Grama,,4,0,89,85,36,55,65,1.1,97
389,Torterra,Grama,Terra,4,0,109,105,56,75,85,2.2,310
390,Chimchar,Fogo,,4,0,58,44,61,58,44,0.5,6.2
391,Monferno,Fogo,Lutador,4,0,78,52,81,78,52,0.9,22
392,Infernape,Fogo,Lutador,4,0,104,71,108,104,71,1.2,55
393,Piplup,Água,,4,0,51,53,40,61,56,0.4,5.2
394,Prinplup,Água,,4,0,66,68,50,81,76,0.8,23
395,Empoleon,Água,Aço,4,0,86,88,60,111,101,1.7,84.5
396,Starly,Normal,Voador,4,0,55,30,60,30,30,0.3,2
397,Staravia,Normal,Voador,4,0,75,50,80,40,40,0.6,15.5
398,Staraptor,Normal,Voador,4,0,120,70,100,50,60,1.2,24.9
399,Bidoof,Normal,,4,0,45,40,31,35,40,0.5,20
400,Bibarel,Normal,Água,4,0,85,60,71,55,60,1,31.5
401,Kricketot,Inseto,,4,0,25,41,25,25,41,0.3,2.2
402,Kricketune,Inseto,,4,0,85,51,65,55,51,1,25.5
403,Shinx,Elétrico,,4,0,65,34,45,40,34,0.5,9.5
404,Luxio,Elétrico,,4,0,85,49,60,60,49,0.9,30.5
405,Luxray,Elétrico,,4,0,120,79,70,95,79,1.4,42
406,Budew,Grama,Veneno,4,0,30,35,55,50,70,0.2,1.2
407,Roserade,Grama,Veneno,4,0,70,65,90,125,105,0.9,14.5
408,Cranidos,Pedra,,4,0,125,40,58,30,30,0.9,31.5
409,Rampardos,Pedra,,4,0,165,60,58,65,50,1.6,102.5
410,Shieldon,Pedra,Aço,4,0,42,118,30,42,88,0.5,57
411,Bastiodon,Pedra,Aço,4,0,52,168,30,47,138,1.3,149.5
412,Burmy,Inseto,,4,0,29,45,36,29,45,0.2,3.4
413,Wormadam,Inseto,Grama,4,0,69,95,36,69,95,0.5,6.5
414,Mothim,Inseto,Voador,4,0,94,50,66,94,50,0.9,23.3
415,Combee,Inseto,Voador,4,0,30,42,70,30,42,0.3,5.5
416,Vespiquen,Inseto,Voador,4,0,80,102,40,80,102,1.2,38.5
417,Pachirisu,Elétrico,,4,0,45,70,95,45,90,0.4,3.9
418,Buizel,Água,,4,0,65,35,85,60,30,0.7,29.5
419,Floatzel,Água,,4,0,105,55,115,85,50,1.1,33.5
420,Cherubi,Grama,,4,0,35,45,35,62,53,0.4,3.3
421,Cherrim,Grama,,4,0,60,70,85,87,78,0.5,9.3
422,Shellos,Água,,4,0,48,48,34,57,62,0.3,6.3
423,Gastrodon,Água,Terra,4,0,83,68,39,92,82,0.9,29.9
424,Ambipom,Normal,,4,0,100,66,115,60,66,1.2,20.3
425,Drifloon,Fantasma,Voador,4,0,50,34,70,60,44,0.4,1.2
426,Drifblim,Fantasma,Voador,4,0,80,44,80,90,54,1.2,15
427,Buneary,Normal,,4,0,66,44,85,44,56,0.4,5.5
428,Lopunny,Normal,,4,0,136,94,135,54,96,1.2,33.3
429,Mismagius,Fantasma,,4,0,60,60,105,105,105,0.9,4.4
430,Honchkrow,Sombrio,Voador,4,0,125,52,71,105,52,0.9,27.3
431,Glameow,Normal,,4,0,55,42,85,42,37,0.5,3.9
432,Purugly,Normal,,4,0,82,64,112,64,59,1,43.8
433,Chingling,Psíquico,,4,0,30,50,45,65,50,0.2,0.6
434,Stunky,Veneno,Sombrio,4,0,63,47,74,41,41,0.4,19.2
435,Skuntank,Veneno,Sombrio,4,0,93,67,84,71,61,1,38
436,Bronzor,Aço,Psíquico,4,0,24,86,23,24,86,0.5,60.5
437,Bronzong,Aço,Psíquico,4,0,89,116,33,79,116,1.3,187
438,Bonsly,Pedra,,4,0,80,95,10,10,45,0.5,15
439,Mime Jr.,Psíquico,Fada,4,0,25,45,60,70,90,0.6,13
440,Happiny,Normal,,4,0,5,5,30,15,65,0.6,24.4
441,Chatot,Normal,Voador,4,0,65,45,91,92,42,0.5,1.9
442,Spiritomb,Fantasma,Sombrio,4,0,92,108,35,92,108,1,108
443,Gible,Dragão,Terra,4,0,70,45,42,40,45,0.7,20.5
444,Gabite,Dragão,Terra,4,0,90,65,82,50,55,1.4,56
445,Garchomp,Dragão,Terra,4,0,170,115,92,120,95,1.9,95
446,Munchlax,Normal,,4,0,85,40,5,40,85,0.6,105
447,Riolu,Lutador,,4,0,70,40,60,35,40,0.7,20.2
448,Lucario,Lutador,Aço,4,0,145,88,112,140,70,1.2,54
449,Hippopotas,Terra,,4,0,72,78,32,38,42,0.8,49.5
450,Hippowdon,Terra,,4,0,112,118,47,68,72,2,300
451,Skorupi,Veneno,Inseto,4,0,50,90,65,30,55,0.8,12
452,Drapion,Veneno,Sombrio,4,0,90,110,95,60,75,1.3,61.5
453,Croagunk,Veneno,Lutador,4,0,61,40,50,61,40,0.7,23
454,Toxicroak,Veneno,Lutador,4,0,106,65,85,86,65,1.3,44.4
455,Carnivine,Grama,,4,0,100,72,46,90,72,1.4,27
456,Finneon,Água,,4,0,49,56,66,49,61,0.4,7
457,Lumineon,Água,,4,0,69,76,91,69,86,1.2,24
458,Mantyke,Água,Voador,4,0,20,50,50,60,120,1,65
459,Snover,Grama,Gelo,4,0,62,50,40,62,60,1,50.5
460,Abomasnow,Grama,Gelo,4,0,132,105,30,132,105,2.2,135.5
461,Weavile,Sombrio,Gelo,4,0,120,65,125,45,85,1.1,34
462,Magnezone,Elétrico,Aço,4,0,70,115,60,130,90,1.2,180
463,Lickilicky,Normal,,4,0,85,95,50,80,95,1.7,140
464,Rhyperior,Terra,Pedra,4,0,140,130,40,55,55,2.4,282.8
465,Tangrowth,Grama,,4,0,100,125,50,110,50,2,128.6
466,Electivire,Elétrico,,4,0,123,67,95,95,85,1.8,138.6
467,Magmortar,Fogo,,4,0,95,67,83,125,95,1.6,68
468,Togekiss,Fada,Voador,4,0,50,95,80,120,115,1.5,38
469,Yanmega,Inseto,Voador,4,0,76,86,95,116,56,1.9,51.5
470,Leafeon,Grama,,4,0,110,130,95,60,65,1,25.5
471,Glaceon,Gelo,,4,0,60,110,65,130,95,0.8,25.9
472,Gliscor,Terra,Voador,4,0,95,125,95,45,75,2,42.5
473,Mamoswine,Gelo,Terra,4,0,130,80,80,70,60,2.5,291
474,Porygon-Z,Normal,,4,0,80,70,90,135,75,0.9,34
475,Gallade,Psíquico,Lutador,4,0,165,95,110,65,115,1.6,52
476,Probopass,Pedra,Aço,4,0,55,145,40,75,150,1.4,340
477,Dusknoir,Fantasma,,4,0,100,135,45,65,135,2.2,106.6
478,Froslass,Gelo,Fantasma,4,0,80,70,110,80,70,1.3,26.6
479,Rotom,Elétrico,Fantasma,4,0,65,107,86,105,107,0.3,0.3
480,Uxie,Psíquico,,4,1,75,130,95,75,130,0.3,0.3
481,Mesprit,Psíquico,,4,1,105,105,80,105,105,0.3,0.3
482,Azelf,Psíquico,,4,1,125,70,115,125,70,0.3,0.3
483,Dialga,Aço,Dragão,4,1,120,120,90,150,100,5.4,683
484,Palkia,Água,Dragão,4,1,120,100,100,150,120,4.2,336
485,Heatran,Fogo,Aço,4,1,90,106,77,130,106,1.7,430
486,Regigigas,Normal,,4,1,160,110,100,80,110,3.7,420
487,Giratina,Fantasma,Dragão,4,1,120,100,90,120,100,4.5,750
488,Cresselia,Psíquico,,4,1,70,120,85,75,130,1.5,85.6
489,Phione,Água,,4,0,80,80,80,80,80,0.4,3.1
490,Manaphy,Água,,4,1,100,100,100,100,100,0.3,1.4
491,Darkrai,Sombrio,,4,1,90,90,125,135,90,1.5,50.5
492,Shaymin,Grama,Grama,4,1,103,75,127,120,75,0.2,2.1
493,Arceus,Normal,,4,1,120,120,120,120,120,3.2,320
494,Victini,Psíquico,Fogo,5,1,100,100,100,100,100,0.4,4
495,Snivy,Grama,,5,0,45,55,63,45,55,0.6,8.1
496,Servine,Grama,,5,0,60,75,83,60,75,0.8,16
497,Serperior,Grama,,5,0,75,95,113,75,95,3.3,63
498,Tepig,Fogo,,5,0,63,45,45,45,45,0.5,9.9
499,Pignite,Fogo,Lutador,5,0,93,55,55,70,55,1,55.5
500,Emboar,Fogo,Lutador,5,0,123,65,65,100,65,1.6,150
501,Oshawott,Água,,5,0,55,45,45,63,45,0.5,5.9
502,Dewott,Água,,5,0,75,60,60,83,60,0.8,24.5
503,Samurott,Água,,5,0,100,85,70,108,70,1.5,94.6
504,Patrat,Normal,,5,0,55,39,42,35,39,0.5,11.6
505,Watchog,Normal,,5,0,85,69,77,60,69,1.1,27
506,Lillipup,Normal,,5,0,60,45,55,25,45,0.4,4.1
507,Herdier,Normal,,5,0,80,65,60,35,65,0.9,14.7
508,Stoutland,Normal,,5,0,110,90,80,45,90,1.2,61
509,Purrloin,Sombrio,,5,0,50,37,66,50,37,0.4,10.1
510,Liepard,Sombrio,,5,0,88,50,106,88,50,1.1,37.5
511,Pansage,Grama,,5,0,53,48,64,53,48,0.6,10.5
512,Simisage,Grama,,5,0,98,63,101,98,63,1.1,30.5
513,Pansear,Fogo,,5,0,53,48,64,53,48,0.6,11
514,Simisear,Fogo,,5,0,98,63,101,98,63,1,28
515,Panpour,Água,,5,0,53,48,64,53,48,0.6,13.5
516,Simipour,Água,,5,0,98,63,101,98,63,1,29
517,Munna,Psíquico,,5,0,25,45,24,67,55,0.6,23.3
518,Musharna,Psíquico,,5,0,55,85,29,107,95,1.1,60.5
519,Pidove,Normal,Voador,5,0,55,50,43,36,30,0.3,2.1
520,Tranquill,Normal,Voador,5,0,77,62,65,50,42,0.6,15
521,Unfezant,Normal,Voador,5,0,115,80,93,65,55,1.2,29
522,Blitzle,Elétrico,,5,0,60,32,76,50,32,0.8,29.8
523,Zebstrika,Elétrico,,5,0,100,63,116,80,63,1.6,79.5
524,Roggenrola,Pedra,,5,0,75,85,15,25,25,0.4,18
525,Boldore,Pedra,,5,0,105,105,20,50,40,0.9,102
526,Gigalith,Pedra,,5,0,135,130,25,60,80,1.7,260
527,Woobat,Psíquico,Voador,5,0,45,43,72,55,43,0.4,2.1
528,Swoobat,Psíquico,Voador,5,0,57,55,114,77,55,0.9,10.5
529,Drilbur,Terra,,5,0,85,40,68,30,45,0.3,8.5
530,Excadrill,Terra,Aço,5,0,135,60,88,50,65,0.7,40.4
531,Audino,Normal,,5,0,60,126,50,80,126,1.1,31
532,Timburr,Lutador,,5,0,80,55,35,25,35,0.6,12.5
533,Gurdurr,Lutador,,5,0,105,85,40,40,50,1.2,40
534,Conkeldurr,Lutador,,5,0,140,95,45,55,65,1.4,87
535,Tympole,Água,,5,0,50,40,64,50,40,0.5,4.5
536,Palpitoad,Água,Terra,5,0,65,55,69,65,55,0.8,17
537,Seismitoad,Água,Terra,5,0,95,75,74,85,75,1.5,62
538,Throh,Lutador,,5,0,100,85,45,30,85,1.3,55.5
539,Sawk,Lutador,,5,0,125,75,85,30,75,1.4,51
540,Sewaddle,Inseto,Grama,5,0,53,70,42,40,60,0.3,2.5
541,Swadloon,Inseto,Grama,5,0,63,90,42,50,80,0.5,7.3
542,Leavanny,Inseto,Grama,5,0,103,80,92,70,80,1.2,20.5
543,Venipede,Inseto,Veneno,5,0,45,59,57,30,39,0.4,5.3
544,Whirlipede,Inseto,Veneno,5,0,55,99,47,40,79,1.2,58.5
545,Scolipede,Inseto,Veneno,5,0,100,89,112,55,69,2.5,200.5
546,Cottonee,Grama,Fada,5,0,27,60,66,37,50,0.3,0.6
547,Whimsicott,Grama,Fada,5,0,67,85,116,77,75,0.7,6.6
548,Petilil,Grama,,5,0,35,50,30,70,50,0.5,6.6
549,Lilligant,Grama,,5,0,60,75,90,110,75,1.1,16.3
550,Basculin,Água,,5,0,92,65,98,80,55,1,18
551,Sandile,Terra,Sombrio,5,0,72,35,65,35,35,0.7,15.2
552,Krokorok,Terra,Sombrio,5,0,82,45,74,45,45,1,33.4
553,Krookodile,Terra,Sombrio,5,0,117,80,92,65,70,1.5,96.3
554,Darumaka,Fogo,,5,0,90,45,50,15,45,0.6,37.5
555,Darmanitan,Fogo,Fogo,5,0,30,105,55,140,105,1.3,92.9
556,Maractus,Grama,,5,0,86,67,60,106,67,1,28
557,Dwebble,Inseto,Pedra,5,0,65,85,55,35,35,0.3,14.5
558,Crustle,Inseto,Pedra,5,0,105,125,45,65,75,1.4,200
559,Scraggy,Sombrio,Lutador,5,0,75,70,48,35,70,0.6,11.8
560,Scrafty,Sombrio,Lutador,5,0,90,115,58,45,115,1.1,30
561,Sigilyph,Psíquico,Voador,5,0,58,80,97,103,80,1.4,14
562,Yamask,Fantasma,,5,0,30,85,30,55,65,0.5,1.5
563,Cofagrigus,Fantasma,,5,0,50,145,30,95,105,1.7,76.5
564,Tirtouga,Água,Pedra,5,0,78,103,22,53,45,0.7,16.5
565,Carracosta,Água,Pedra,5,0,108,133,32,83,65,1.2,81
566,Archen,Pedra,Voador,5,0,112,45,70,74,45,0.5,9.5
567,Archeops,Pedra,Voador,5,0,140,65,110,112,65,1.4,32
568,Trubbish,Veneno,,5,0,50,62,65,40,62,0.6,31
569,Garbodor,Veneno,,5,0,95,82,75,60,82,1.9,107.3
570,Zorua,Sombrio,,5,0,65,40,65,80,40,0.7,12.5
571,Zoroark,Sombrio,,5,0,105,60,105,120,60,1.6,81.1
572,Minccino,Normal,,5,0,50,40,75,40,40,0.4,5.8
573,Cinccino,Normal,,5,0,95,60,115,65,60,0.5,7.5
574,Gothita,Psíquico,,5,0,30,50,45,55,65,0.4,5.8
575,Gothorita,Psíquico,,5,0,45,70,55,75,85,0.7,18
576,Gothitelle,Psíquico,,5,0,55,95,65,95,110,1.5,44
577,Solosis,Psíquico,,5,0,30,40,20,105,50,0.3,1
578,Duosion,Psíquico,,5,0,40,50,30,125,60,0.6,8
579,Reuniclus,Psíquico,,5,0,65,75,30,125,85,1,20.1
580,Ducklett,Água,Voador,5,0,44,50,55,44,50,0.5,5.5
581,Swanna,Água,Voador,5,0,87,63,98,87,63,1.3,24.2
582,Vanillite,Gelo,,5,0,50,50,44,65,60,0.4,5.7
583,Vanillish,Gelo,,5,0,65,65,59,80,75,1.1,41
584,Vanilluxe,Gelo,,5,0,95,85,79,110,95,1.3,57.5
585,Deerling,Normal,Grama,5,0,60,50,75,40,50,0.6,19.5
586,Sawsbuck,Normal,Grama,5,0,100,70,95,60,70,1.9,92.5
587,Emolga,Elétrico,Voador,5,0,75,60,103,75,60,0.4,5
588,Karrablast,Inseto,,5,0,75,45,60,40,45,0.5,5.9
589,Escavalier,Inseto,Aço,5,0,135,105,20,60,105,1,33
590,Foongus,Grama,Veneno,5,0,55,45,15,55,55,0.2,1
591,Amoonguss,Grama,Veneno,5,0,85,70,30,85,80,0.6,10.5
592,Frillish,Água,Fantasma,5,0,40,50,40,65,85,1.2,33
593,Jellicent,Água,Fantasma,5,0,60,70,60,85,105,2.2,135
594,Alomomola,Água,,5,0,75,80,65,40,45,1.2,31.6
595,Joltik,Inseto,Elétrico,5,0,47,50,65,57,50,0.1,0.6
596,Galvantula,Inseto,Elétrico,5,0,77,60,108,97,60,0.8,14.3
597,Ferroseed,Grama,Aço,5,0,50,91,10,24,86,0.6,18.8
598,Ferrothorn,Grama,Aço,5,0,94,131,20,54,116,1,110
599,Klink,Aço,,5,0,55,70,30,45,60,0.3,21
600,Klang,Aço,,5,0,80,95,50,70,85,0.6,51
601,Klinklang,Aço,,5,0,100,115,90,70,85,0.6,81
602,Tynamo,Elétrico,,5,0,55,40,60,45,40,0.2,0.3
603,Eelektrik,Elétrico,,5,0,85,70,40,75,70,1.2,22
604,Eelektross,Elétrico,,5,0,115,80,50,105,80,2.1,80.5
605,Elgyem,Psíquico,,5,0,55,55,30,85,55,0.5,9
606,Beheeyem,Psíquico,,5,0,75,75,40,125,95,1,34.5
607,Litwick,Fantasma,Fogo,5,0,30,55,20,65,55,0.3,3.1
608,Lampent,Fantasma,Fogo,5,0,40,60,55,95,60,0.6,13
609,Chandelure,Fantasma,Fogo,5,0,55,90,80,145,90,1,34.3
610,Axew,Dragão,,5,0,87,60,57,30,40,0.6,18
611,Fraxure,Dragão,,5,0,117,70,67,40,50,1,36
612,Haxorus,Dragão,,5,0,147,90,97,60,70,1.8,105.5
613,Cubchoo,Gelo,,5,0,70,40,40,60,40,0.5,8.5
614,Beartic,Gelo,,5,0,130,80,50,70,80,2.6,260
615,Cryogonal,Gelo,,5,0,50,50,105,95,135,1.1,148
616,Shelmet,Inseto,,5,0,40,85,25,40,65,0.4,7.7
617,Accelgor,Inseto,,5,0,70,40,145,100,60,0.8,25.3
618,Stunfisk,Terra,Elétrico,5,0,66,84,32,81,99,0.7,11
619,Mienfoo,Lutador,,5,0,85,50,65,55,50,0.9,20
620,Mienshao,Lutador,,5,0,125,60,105,95,60,1.4,35.5
621,Druddigon,Dragão,,5,0,120,90,48,60,90,1.6,139
622,Golett,Terra,Fantasma,5,0,74,50,35,35,50,1,92
623,Golurk,Terra,Fantasma,5,0,124,80,55,55,80,2.8,330
624,Pawniard,Sombrio,Aço,5,0,85,70,60,40,40,0.5,10.2
625,Bisharp,Sombrio,Aço,5,0,125,100,70,60,70,1.6,70
626,Bouffalant,Normal,,5,0,110,95,55,40,95,1.6,94.6
627,Rufflet,Normal,Voador,5,0,83,50,60,37,50,0.5,10.5
628,Braviary,Normal,Voador,5,0,123,75,80,57,75,1.5,41
629,Vullaby,Sombrio,Voador,5,0,55,75,60,45,65,0.5,9
630,Mandibuzz,Sombrio,Voador,5,0,65,105,80,55,95,1.2,39.5
631,Heatmor,Fogo,,5,0,97,66,65,105,66,1.4,58
632,Durant,Inseto,Aço,5,0,109,112,109,48,48,0.3,33
633,Deino,Sombrio,Dragão,5,0,65,50,38,45,50,0.8,17.3
634,Zweilous,Sombrio,Dragão,5,0,85,70,58,65,70,1.4,50
635,Hydreigon,Sombrio,Dragão,5,0,105,90,98,125,90,1.8,160
636,Larvesta,Inseto,Fogo,5,0,85,55,60,50,55,1.1,28.8
637,Volcarona,Inseto,Fogo,5,0,60,65,100,135,105,1.6,46
638,Cobalion,Aço,Lutador,5,1,90,129,108,90,72,2.1,250
639,Terrakion,Pedra,Lutador,5,1,129,90,108,72,90,1.9,260
640,Virizion,Grama,Lutador,5,1,90,72,108,90,129,2,200
641,Tornadus,Voador,,5,1,100,80,121,110,90,1.5,63
642,Thundurus,Elétrico,Voador,5,1,105,70,101,145,80,1.5,61
643,Reshiram,Dragão,Fogo,5,1,120,100,90,150,120,3.2,330
644,Zekrom,Dragão,Elétrico,5,1,150,120,90,120,100,2.9,345
645,Landorus,Terra,Voador,5,1,145,90,91,105,80,1.5,68
646,Kyurem,Dragão,Gelo,5,1,120,90,95,170,100,3,325
647,Keldeo,Água,Lutador,5,1,72,90,108,129,90,1.4,48.5
648,Meloetta,Normal,Psíquico,5,1,128,90,128,77,77,0.6,6.5
649,Genesect,Inseto,Aço,5,1,120,95,99,120,95,1.5,82.5
650,Chespin,Grama,,6,0,61,65,38,48,45,0.4,9
651,Quilladin,Grama,,6,0,78,95,57,56,58,0.7,29
652,Chesnaught,Grama,Lutador,6,0,107,122,64,74,75,1.6,90
653,Fennekin,Fogo,,6,0,45,40,60,62,60,0.4,9.4
654,Braixen,Fogo,,6,0,59,58,73,90,70,1,14.5
655,Delphox,Fogo,Psíquico,6,0,69,72,104,114,100,1.5,39
656,Froakie,Água,,6,0,56,40,71,62,44,0.3,7
657,Frogadier,Água,,6,0,63,52,97,83,56,0.6,10.9
658,Greninja,Água,Sombrio,6,0,145,67,132,153,71,1.5,40
659,Bunnelby,Normal,,6,0,36,38,57,32,36,0.4,5
660,Diggersby,Normal,Terra,6,0,56,77,78,50,77,1,42.4
661,Fletchling,Normal,Voador,6,0,50,43,62,40,38,0.3,1.7
662,Fletchinder,Fogo,Voador,6,0,73,55,84,56,52,0.7,16
663,Talonflame,Fogo,Voador,6,0,81,71,126,74,69,1.2,24.5
664,Scatterbug,Inseto,,6,0,35,40,35,27,25,0.3,2.5
665,Spewpa,Inseto,,6,0,22,60,29,27,30,0.3,8.4
666,Vivillon,Inseto,Voador,6,0,52,50,89,90,50,1.2,17
667,Litleo,Fogo,Normal,6,0,50,58,72,73,54,0.6,13.5
668,Pyroar,Fogo,Normal,6,0,68,72,106,109,66,1.5,81.5
669,FlabÃ©bÃ©,Fada,,6,0,38,39,42,61,79,0.1,0.1
670,Floette,Fada,,6,0,65,67,92,125,128,0.2,0.9
671,Florges,Fada,,6,0,65,68,75,112,154,1.1,10
672,Skiddo,Grama,,6,0,65,48,52,62,57,0.9,31
673,Gogoat,Grama,,6,0,100,62,68,97,81,1.7,91
674,Pancham,Lutador,,6,0,82,62,43,46,48,0.6,8
675,Pangoro,Lutador,Sombrio,6,0,124,78,58,69,71,2.1,136
676,Furfrou,Normal,,6,0,80,60,102,65,90,1.2,28
677,Espurr,Psíquico,,6,0,48,54,68,63,60,0.3,3.5
678,Meowstic,Psíquico,,6,0,48,76,104,83,81,0.6,8.5
679,Honedge,Aço,Fantasma,6,0,80,100,28,35,37,0.8,2
680,Doublade,Aço,Fantasma,6,0,110,150,35,45,49,0.8,4.5
681,Aegislash,Aço,Fantasma,6,0,150,50,60,150,50,1.7,53
682,Spritzee,Fada,,6,0,52,60,23,63,65,0.2,0.5
683,Aromatisse,Fada,,6,0,72,72,29,99,89,0.8,15.5
684,Swirlix,Fada,,6,0,48,66,49,59,57,0.4,3.5
685,Slurpuff,Fada,,6,0,80,86,72,85,75,0.8,5
686,Inkay,Sombrio,Psíquico,6,0,54,53,45,37,46,0.4,3.5
687,Malamar,Sombrio,Psíquico,6,0,92,88,73,68,75,1.5,47
688,Binacle,Pedra,Água,6,0,52,67,50,39,56,0.5,31
689,Barbaracle,Pedra,Água,6,0,105,115,68,54,86,1.3,96
690,Skrelp,Veneno,Água,6,0,60,60,30,60,60,0.5,7.3
691,Dragalge,Veneno,Dragão,6,0,75,90,44,97,123,1.8,81.5
692,Clauncher,Água,,6,0,53,62,44,58,63,0.5,8.3
693,Clawitzer,Água,,6,0,73,88,59,120,89,1.3,35.3
694,Helioptile,Elétrico,Normal,6,0,38,33,70,61,43,0.5,6
695,Heliolisk,Elétrico,Normal,6,0,55,52,109,109,94,1,21
696,Tyrunt,Pedra,Dragão,6,0,89,77,48,45,45,0.8,26
697,Tyrantrum,Pedra,Dragão,6,0,121,119,71,69,59,2.5,270
698,Amaura,Pedra,Gelo,6,0,59,50,46,67,63,1.3,25.2
699,Aurorus,Pedra,Gelo,6,0,77,72,58,99,92,2.7,225
700,Sylveon,Fada,,6,0,65,65,60,110,130,1,23.5
701,Hawlucha,Lutador,Voador,6,0,92,75,118,74,63,0.8,21.5
702,Dedenne,Elétrico,Fada,6,0,58,57,101,81,67,0.2,2.2
703,Carbink,Pedra,Fada,6,0,50,150,50,50,150,0.3,5.7
704,Goomy,Dragão,,6,0,50,35,40,55,75,0.3,2.8
705,Sliggoo,Dragão,,6,0,75,53,60,83,113,0.8,17.5
706,Goodra,Dragão,,6,0,100,70,80,110,150,2,150.5
707,Klefki,Aço,Fada,6,0,80,91,75,80,87,0.2,3
708,Phantump,Fantasma,Grama,6,0,70,48,38,50,60,0.4,7
709,Trevenant,Fantasma,Grama,6,0,110,76,56,65,82,1.5,71
710,Pumpkaboo,Fantasma,Grama,6,0,66,70,41,44,55,0.8,15
711,Gourgeist,Fantasma,Grama,6,0,100,122,54,58,75,1.7,39
712,Bergmite,Gelo,,6,0,69,85,28,32,35,1,99.5
713,Avalugg,Gelo,,6,0,117,184,28,44,46,2,505
714,Noibat,Voador,Dragão,6,0,30,35,55,45,40,0.5,8
715,Noivern,Voador,Dragão,6,0,70,80,123,97,80,1.5,85
716,Xerneas,Fada,,6,1,131,95,99,131,98,3,215
717,Yveltal,Sombrio,Voador,6,1,131,95,99,131,98,5.8,203
718,Zygarde,Dragão,Terra,6,1,100,121,85,91,95,5,284.6
719,Diancie,Pedra,Fada,6,1,160,110,110,160,110,0.7,8.8
720,Hoopa,Psíquico,Fantasma,6,1,160,60,80,170,130,0,0
721,Volcanion,Fogo,Água,6,1,110,120,70,130,90,1.7,195
722,Rowlet,Grama,Voador,7,0,55,55,42,50,50,0.3,1.5
723,Dartrix,Grama,Voador,7,0,75,75,52,70,70,0.7,16
724,Decidueye,Grama,Fantasma,7,0,107,75,70,100,100,1.6,36.6
725,Litten,Fogo,,7,0,65,40,70,60,40,0.4,4.3
726,Torracat,Fogo,,7,0,85,50,90,80,50,0.7,25
727,Incineroar,Fogo,Sombrio,7,0,115,90,60,80,90,1.8,83
728,Popplio,Água,,7,0,54,54,40,66,56,0.4,7.5
729,Brionne,Água,,7,0,69,69,50,91,81,0.6,17.5
730,Primarina,Água,Fada,7,0,74,74,60,126,116,1.8,44
731,Pikipek,Normal,Voador,7,0,75,30,65,30,30,0.3,1.2
732,Trumbeak,Normal,Voador,7,0,85,50,75,40,50,0.6,14.8
733,Toucannon,Normal,Voador,7,0,120,75,60,75,75,1.1,26
734,Yungoos,Normal,,7,0,70,30,45,30,30,0.4,6
735,Gumshoos,Normal,,7,0,110,60,45,55,60,0.7,14.2
736,Grubbin,Inseto,,7,0,62,45,46,55,45,0.4,4.4
737,Charjabug,Inseto,Elétrico,7,0,82,95,36,55,75,0.5,10.5
738,Vikavolt,Inseto,Elétrico,7,0,70,90,43,145,75,1.5,45
739,Crabrawler,Lutador,,7,0,82,57,63,42,47,0.6,7
740,Crabominable,Lutador,Gelo,7,0,132,77,43,62,67,1.7,180
741,Oricorio,Fogo,Voador,7,0,70,70,93,98,70,0.6,3.4
742,Cutiefly,Inseto,Fada,7,0,45,40,84,55,40,0.1,0.2
743,Ribombee,Inseto,Fada,7,0,55,60,124,95,70,0.2,0.5
744,Rockruff,Pedra,,7,0,65,40,60,30,40,0.5,9.2
745,Lycanroc,Pedra,,7,0,115,75,82,55,75,0,0
746,Wishiwashi,Água,,7,0,140,130,30,140,135,0.2,0.3
747,Mareanie,Veneno,Água,7,0,53,62,45,43,52,0.4,8
748,Toxapex,Veneno,Água,7,0,63,152,35,53,142,0.7,14.5
749,Mudbray,Terra,,7,0,100,70,45,45,55,1,110
750,Mudsdale,Terra,,7,0,125,100,35,55,85,2.5,920
751,Dewpider,Água,Inseto,7,0,40,52,27,40,72,0.3,4
752,Araquanid,Água,Inseto,7,0,70,92,42,50,132,1.8,82
753,Fomantis,Grama,,7,0,55,35,35,50,35,0.3,1.5
754,Lurantis,Grama,,7,0,105,90,45,80,90,0.9,18.5
755,Morelull,Grama,Fada,7,0,35,55,15,65,75,0.2,1.5
756,Shiinotic,Grama,Fada,7,0,45,80,30,90,100,1,11.5
757,Salandit,Veneno,Fogo,7,0,44,40,77,71,40,0.6,4.8
758,Salazzle,Veneno,Fogo,7,0,64,60,117,111,60,1.2,22.2
759,Stufful,Normal,Lutador,7,0,75,50,50,45,50,0.5,6.8
760,Bewear,Normal,Lutador,7,0,125,80,60,55,60,2.1,135
761,Bounsweet,Grama,,7,0,30,38,32,30,38,0.3,3.2
762,Steenee,Grama,,7,0,40,48,62,40,48,0.7,8.2
763,Tsareena,Grama,,7,0,120,98,72,50,98,1.2,21.4
764,Comfey,Fada,,7,0,52,90,100,82,110,0.1,0.3
765,Oranguru,Normal,Psíquico,7,0,60,80,60,90,110,1.5,76
766,Passimian,Lutador,,7,0,120,90,80,40,60,2,82.8
767,Wimpod,Inseto,Água,7,0,35,40,80,20,30,0.5,12
768,Golisopod,Inseto,Água,7,0,125,140,40,60,90,2,108
769,Sandygast,Fantasma,Terra,7,0,55,80,15,70,45,0.5,70
770,Palossand,Fantasma,Terra,7,0,75,110,35,100,75,1.3,250
771,Pyukumuku,Água,,7,0,60,130,5,30,130,0.3,1.2
772,Type: Null,Normal,,7,0,95,95,59,95,95,1.9,120.5
773,Silvally,Normal,,7,0,95,95,95,95,95,2.3,100.5
774,Minior,Pedra,Voador,7,0,100,60,120,100,60,0.3,40
775,Komala,Normal,,7,0,115,65,65,75,95,0.4,19.9
776,Turtonator,Fogo,Dragão,7,0,78,135,36,91,85,2,212
777,Togedemaru,Elétrico,Aço,7,0,98,63,96,40,73,0.3,3.3
778,Mimikyu,Fantasma,Fada,7,0,90,80,96,50,105,0.2,0.7
779,Bruxish,Água,Psíquico,7,0,105,70,92,70,70,0.9,19
780,Drampa,Normal,Dragão,7,0,60,85,36,135,91,3,185
781,Dhelmise,Fantasma,Grama,7,0,131,100,40,86,90,3.9,210
782,Jangmo-o,Dragão,,7,0,55,65,45,45,45,0.6,29.7
783,Hakamo-o,Dragão,Lutador,7,0,75,90,65,65,70,1.2,47
784,Kommo-o,Dragão,Lutador,7,0,110,125,85,100,105,1.6,78.2
785,Tapu Koko,Elétrico,Fada,7,1,115,85,130,95,75,1.8,20.5
786,Tapu Lele,Psíquico,Fada,7,1,85,75,95,130,115,1.2,18.6
787,Tapu Bulu,Grama,Fada,7,1,130,115,75,85,95,1.9,45.5
788,Tapu Fini,Água,Fada,7,1,75,115,85,95,130,1.3,21.2
789,Cosmog,Psíquico,,7,1,29,31,37,29,31,0.2,0.1
790,Cosmoem,Psíquico,,7,1,29,131,37,29,131,0.1,999.9
791,Solgaleo,Psíquico,Aço,7,1,137,107,97,113,89,3.4,230
792,Lunala,Psíquico,Fantasma,7,1,113,89,97,137,107,4,120
793,Nihilego,Pedra,Veneno,7,1,53,47,103,127,131,1.2,55.5
794,Buzzwole,Inseto,Lutador,7,1,139,139,79,53,53,2.4,333.6
795,Pheromosa,Inseto,Lutador,7,1,137,37,151,137,37,1.8,25
796,Xurkitree,Elétrico,,7,1,89,71,83,173,71,3.8,100
797,Celesteela,Aço,Voador,7,1,101,103,61,107,101,9.2,999.9
798,Kartana,Grama,Aço,7,1,181,131,109,59,31,0.3,0.1
799,Guzzlord,Sombrio,Dragão,7,1,101,53,43,97,53,5.5,888
800,Necrozma,Psíquico,,7,1,107,101,79,127,89,2.4,230
801,Magearna,Aço,Fada,7,1,95,115,65,130,115,1,80.5
